Author,Title,New price,Old price,Stock
No data,Bhagavadgyta,13.45 €,15.79 €, Turime sandėlyje.
Danguolė Kandrotienė,Pasaiba ir sapnų knyga. 5 dalis,10.69 €,13.29 €, Turime sandėlyje.
Johan Huizinga,Sužalotas pasaulis,20.59 €,25.75 €, Turime sandėlyje.
No data,Transporto priemonės su 5 dėlion...,8.09 €,10.09 €, Turime sandėlyje.
Rasa Andrikienė,Gyvenimas be šešėlio. Psichotera...,8.33 €,13.89 €, Turime sandėlyje.
Mats Strandberg,Monstriukas naktį,8.36 €,9.29 €, Turime sandėlyje.
Alice Miller,Gabaus vaiko drama ir tikrosios...,13.39 €,16.69 €, Turime sandėlyje.
Alex Michaelides,Mergelės,16.73 €,18.59 €, Turime sandėlyje.
"Irvin D. Yalom, Ma...",Mirties ir gyvenimo klausimas,15.29 €,19.09 €, Turime sandėlyje.
T.I. Lowe,Po magnolijomis,22.04 €,24.49 €, Turime sandėlyje.
Stefan Zweig,Širdies nerimas,15.29 €,19.09 €, Turime sandėlyje.
Judith Lewis Herman,Trauma ir išgijimas: prievartos...,17.19 €,21.49 €, Turime sandėlyje.
Kimberly Belle,Atsisveikinimas,13.39 €,15.69 €, Turime sandėlyje.
Janice Preston,Atskleisti grafo paslaptį,9.39 €,11.69 €, Turime sandėlyje.
Alejandro Zambra,Čilės poetas,13.99 €,16.49 €, Turime sandėlyje.
Michio Kaku,Dieviškoji lygtis: visko teorijo...,17.59 €,21.99 €, Turime sandėlyje.
Michelle Douglas,Įsimylėti Singapūre per dvi sava...,2.79 €,3.45 €, Turime sandėlyje.
Virginia Heath,Jo širdies įsibrovėlė,9.39 €,11.69 €, Turime sandėlyje.
Amanda Cinelli,Laikytis duoto pažado,2.79 €,3.45 €, Turime sandėlyje.
Dani Wade,Meilė ištiko netikėtai. Žavingi...,2.79 €,3.45 €, Turime sandėlyje.
David Madsen,Neūžaugos gnostiko atsiminimai,15.19 €,18.99 €, Turime sandėlyje.
Kira Sinclair,Prislėgti paslapčių,2.79 €,3.45 €, Turime sandėlyje.
Meg Mason,"Regis, man ne viskas gerai",13.15 €,16.45 €, Turime sandėlyje.
Serhii Plokhy,"Žmogus, šaudantis nuodais. Šalto...",13.49 €,17.99 €, Turime sandėlyje.
No data,LEGO® City. Ekstremalūs nuotykiai!,5.39 €,6.35 €, Turime sandėlyje.
Fotini Tsalikoglou,Bertos dovana,13.59 €,15.99 €, Turime sandėlyje.
Waris Dirie,"DYKUMŲ GĖLĖ: knyga, šokiravusi p...",5.75 €,9.59 €, Turime sandėlyje.
Rachel K. Thomas,Gera savijauta: praktiniai patar...,15.35 €,19.19 €, Turime sandėlyje.
Paul Rutter,Vaistininko vadovas,26.79 €,31.49 €, Turime sandėlyje.
Juzefas Ignacas Kr...,Vilnius nuo jo pradžios iki 1750...,14.59 €,17.19 €, Liko vos keli vienetai.
No data,Kakė Makė ir katinas vienai sava...,4.31 €,4.79 €, Turime sandėlyje.
Juozas Urbšys,Lietuva lemtingaisiais 1939–1940...,26.09 €,34.79 €, Papildymas pakeliui.
Maria Turtschaninoff,Maresi. Raudonojo vienuolyno kro...,12.35 €,16.19 €, Turime sandėlyje.
No data,Muzika prieš miegą,13.49 €,17.99 €, Turime sandėlyje.
"John D. Gatford, N...",Naudingų skaičiavimų slaugytojom...,14.59 €,17.09 €, Turime sandėlyje.
Tommi Kinnunen,"Nesakė, kad gailisi",14.66 €,16.29 €, Turime sandėlyje.
"Susan Forward, Cra...",Pinigų demonai: neleiskite jiems...,15.26 €,20.35 €, Turime sandėlyje.
"Erica Slotter, Pat...",Velniop skyrybas. Kaip atsigauti...,12.29 €,16.39 €, Turime sandėlyje.
No data,2021 finansinės ataskaitos,49.03 €,61.29 €, Turime sandėlyje.
No data,Algimantas Zurba: nuo Apaščios l...,15.89 €,21.19 €, Turime sandėlyje.
Benjamin Alire Sáenz,Aristotelis ir Dantė atskleidžia...,11.51 €,19.19 €, Išsiųsime per 3–4 d.d.
Jerold J. Kreisman...,Aš nekenčiu tavęs! Nepalik manęs...,10.57 €,14.09 €, Turime sandėlyje.
Valdis Celms,Baltų raštai ir ženklai,27.59 €,32.39 €, Turime sandėlyje.
Tuutikki Tolonen,Baubų kelias,11.99 €,14.09 €, Turime sandėlyje.
Sabine Bohlmann,"Ei, tėti… Ar dešimt yra daug?",8.49 €,9.99 €, Turime sandėlyje.
No data,Kur tas Micius?,11.99 €,14.09 €, Turime sandėlyje.
Ellie Irving,Matildos efektas,14.69 €,17.29 €, Turime sandėlyje.
Louisa May Alcott,Mažosios moterys,20.32 €,26.69 €, Turime sandėlyje.
Štĕpánka Sekaninov...,Pasaulį pakeitusios transporto p...,10.69 €,12.59 €, Turime sandėlyje.
Terry Lynn Johnson,Šunų kinkiniais,14.69 €,17.29 €, Turime sandėlyje.
Elvina Baužaitė,Tiesos vertikalė. Knyga apie Vyt...,16.84 €,22.45 €, Turime sandėlyje.
Edita Lei,Balamutikai,11.36 €,15.15 €, Turime sandėlyje.
Vygintas Bronius P...,Kazys Pakštas ir atsarginė Lietuva,21.35 €,25.09 €, Liko vos keli vienetai.
Eric Weiner,Laimės geografija: kaip vienas b...,15.22 €,20.29 €, Turime sandėlyje.
Stacey Vanek Smith,Machiavellis moterims: kaip apgi...,16.12 €,21.49 €, Turime sandėlyje.
Frank Tallis,Pats gyvenimas: ko didieji psich...,15.29 €,20.39 €, Turime sandėlyje.
Greta Dirmauskaitė,pãžeme,8.92 €,11.89 €, Turime sandėlyje.
John Perry,Prokrastinacijos menas: produkty...,12.25 €,14.39 €, Papildymas pakeliui.
Rene Descartes,Rinktinė. Proto vadovavimo taisy...,15.97 €,21.29 €, Turime sandėlyje.
Friedrich Nietzsche,Štai taip Zaratustra kalbėjo: kn...,15.47 €,17.19 €, Turime sandėlyje.
Jack London,Baltoji iltis,7.73 €,12.89 €, Turime sandėlyje.
Kristan Higgins,GYVENIMAS IR KITOS BĖDOS. Šeimos...,14.99 €,18.69 €, Turime sandėlyje.
Lars Mytting,Heknių audinys,17.27 €,19.19 €, Turime sandėlyje.
No data,Kalėdų garsai: skaityk knygelę i...,12.11 €,16.15 €, Turime sandėlyje.
No data,Keliauk! Žiema 2021/2022,No data,No data, Turime sandėlyje.
Tess Gerritsen,"Mefisto klubas. Ricoli ir Ailz, #6",10.64 €,14.19 €, Turime sandėlyje.
Pierre Lemaitre,Mūsų skausmų veidrodis,24.47 €,27.19 €, Turime sandėlyje.
Veera Hiranandani,Nakties dienoraštis,9.97 €,13.29 €, Turime sandėlyje.
Linda Chapman,Nauji namai Lunai,6.83 €,7.59 €, Turime sandėlyje.
Tess Gerritsen,"Relikvija. Ricoli ir Ailz, #7",10.64 €,14.19 €, Turime sandėlyje.
J.R.R. Tolkien,Silmariljonas,9.35 €,15.59 €, Turime sandėlyje.
Helle Amin,Susitikę dykumoje,8.33 €,13.89 €, Išsiųsime per 3–4 d.d.
Louise Gluck,Viltinga ir skaisti naktis,20.15 €,22.39 €, Turime sandėlyje.
Eglė Zakaraitė,„Lady Box“. „Kaip tapti dama“ kn...,No data,No data, Turime sandėlyje.
ses. Rima Malickaitė,Dvi karalienės,12.89 €,17.19 €, Turime sandėlyje.
No data,Kalėdiniai pasakojimai: 6 knygel...,13.61 €,18.15 €, Turime sandėlyje.
Selemonas Paltanav...,Mūsų miestelio indėnai,12.86 €,17.15 €, Turime sandėlyje.
Ant Middleton,Nulis negatyvumo. Pozityvaus mąs...,11.19 €,13.19 €, Turime sandėlyje.
Kazimiera Kazijevaitė,Ruduo Žirgynėje,12.86 €,17.15 €, Turime sandėlyje.
Arden Moore,Šunys. Vadovas vaikams,10.09 €,11.89 €, Turime sandėlyje.
Māris Bērziņš,Švino skonis,15.14 €,20.19 €, Turime sandėlyje.
Vilma Kava,Tiesiog atsitiko,13.64 €,18.19 €, Turime sandėlyje.
Lina Vėželienė,"Vidurio amžiaus paauglystė, arba...",13.33 €,18.19 €, Turime sandėlyje.
No data,Vienaragių istorijos. 5 minučių...,5.99 €,7.89 €, Turime sandėlyje.
Natalie Goldberg,Apie rašymą: kaip išlaisvinti vi...,10.27 €,13.69 €, Turime sandėlyje.
"Romana Romanyšyn,...","Garsiai, tyliai, kuždomis",15.74 €,20.99 €, Turime sandėlyje.
Andrej Tarkovskij,Įamžintas laikas,18.22 €,24.29 €, Turime sandėlyje.
"Vaidas Čeponis, Gi...",Įdomiausi Lietuvos rekordai,29.79 €,34.99 €, Turime sandėlyje.
"Nida Poderienė, Au...",Įveikti atskirtį: grįžusių iš už...,11.29 €,14.09 €, Turime sandėlyje.
Rimantas Kėvalas,Ką mes padarėme savo vaikams,13.32 €,18.15 €, Turime sandėlyje.
Marius Jonutis,Kaimo pasaka,10.04 €,13.39 €, Turime sandėlyje.
Vaiva Rykštaitė,Kaip būti,14.82 €,20.15 €, Turime sandėlyje.
Thomas Bernhard,Kalkinė,12.74 €,16.99 €, Turime sandėlyje.
Charles Bukowski,Paprastos beprotybės istorijos (...,12.59 €,16.79 €, Turime sandėlyje.
"Steven Kotler, Jam...",PAVOGTI UGNĮ. Kaip Silicio slėni...,12.99 €,16.19 €, Turime sandėlyje.
Audronė Kvietkutė,Rytės ratai,9.82 €,13.09 €, Turime sandėlyje.
Māra Zālīte,Rojaus paukščiai,13.87 €,18.49 €, Turime sandėlyje.
Sergejus Saveljevas,Smegenų rūšiavimas,14.99 €,17.69 €, Turime sandėlyje.
Natalija Zubareva,Žarnynas – organizmo variklis: o...,8.39 €,16.15 €, Turime sandėlyje.
Mari Poisson,Dienoraštis apie laiką: rožių me...,9.97 €,13.29 €, Išsiųsime per 3–7 d.d.
François Rabelais,Gargantiua ir Pantagriuelis (2021),13.31 €,17.75 €, Papildymas pakeliui.
Fernando Cervantes,Konkistadorai,19.89 €,23.39 €, Turime sandėlyje.
No data,Mastocitozės diagnostikos ir gyd...,No data,No data, Išparduota.
Katy Flint,Muzikinė istorija. Žvėrių karnav...,26.36 €,29.29 €, Turime sandėlyje.
Vytautas Tamulaitis,Skruzdėlytės Greitutės nuotykiai...,17.59 €,21.99 €, Išsiųsime per 3–7 d.d.
"Romana Romanyšyn,...",Taip aš matau,15.74 €,20.99 €, Turime sandėlyje.
Mark Edwards,Atsekt iki namų,13.91 €,18.55 €, Turime sandėlyje.
Lara Bryan,Lėktuvas. Žvilgtelk vidun,10.69 €,12.59 €, Turime sandėlyje.
Vytautas V. Landsb...,Pūkis ir snaigė,3.19 €,3.99 €, Papildymas pakeliui.
Kristin Hannah,Seserys,13.78 €,18.55 €, Turime sandėlyje.
Gina Viliūnė,Spąstai pirklio žudikui,13.48 €,18.19 €, Turime sandėlyje.
No data,Sumanus mažylis. Mano pirmos užd...,11.79 €,13.89 €, Turime sandėlyje.
Michail Veller,Žmogus sistemoje,27.29 €,32.09 €, Turime sandėlyje.
No data,Baimė: mano pirmosios emocijos,7.49 €,9.99 €, Turime sandėlyje.
Elvyra Kučinskaitė,Baltosios Lokės knyga,16.09 €,18.89 €, Turime sandėlyje.
No data,Drovumas: mano pirmosios emocijos,7.49 €,9.99 €, Turime sandėlyje.
No data,Džiaugsmas: mano pirmosios emocijos,7.49 €,9.99 €, Turime sandėlyje.
Jan Patočka,Eretiskos esė apie istorijos fil...,20.65 €,24.29 €, Turime sandėlyje.
Max Lucado,Jei tik turėčiau žalią nosį,12.69 €,14.89 €, Turime sandėlyje.
Henri Bergson,Mąstymas ir judantysis,20.65 €,24.29 €, Turime sandėlyje.
Paul Meuser,Mėnulio architektūros gidas,15.69 €,18.49 €, Papildymas pakeliui.
No data,Pavydas: mano pirmosios emocijos,7.49 €,9.99 €, Turime sandėlyje.
Michael Shellenberger,Apokalipsės nebus. Kodėl panika...,18.14 €,24.19 €, Turime sandėlyje.
No data,BALTIC CHEFS. THE COOKBOOK,45.89 €,53.99 €, Turime sandėlyje.
Sofija Tyzenhauzaitė,Barbora Radvilaitė (2022),No data,No data, Tik knygynuose.
Eglė Zakaraitė,Kodėl geroms mergaitėms patinka...,15.69 €,18.49 €, Turime sandėlyje.
Kim Liggett,Skaistybės metai,13.09 €,17.45 €, Turime sandėlyje.
Marianne Cronin,Šimtas Lenės ir Margo metų,13.09 €,17.45 €, Turime sandėlyje.
Markus Schirner,Švytuoklės pasauliai: didžioji d...,14.24 €,18.99 €, Turime sandėlyje.
Aurika Karbonskienė,Bendrosios anesteziologijos pagr...,35.19 €,41.39 €, Liko vos keli vienetai.
Shane Hegarty,Botukas: dideli mažo robotuko nu...,10.25 €,11.39 €, Turime sandėlyje.
Tomas Dirgėla,Domas ir Tomas. Virėjos Irenos b...,10.94 €,14.59 €, Turime sandėlyje.
Karin Slaughter,GERA DUKTĖ. Viena garsiausių Ame...,14.95 €,18.69 €, Turime sandėlyje.
"Theresa Breslin, K...",Iliustruotas Škotijos tautosakos...,13.49 €,15.89 €, Turime sandėlyje.
Marco Balzano,Kai grįšiu,15.92 €,17.69 €, Turime sandėlyje.
"Rokas Sinkevičius,...",Kaunas Stanislovo Lukošiaus žvil...,19.29 €,22.69 €, Turime sandėlyje.
Barbara Stühlmeyer,Keliai į jo šviesą: dvasinė šven...,13.87 €,18.49 €, Turime sandėlyje.
Italo Calvino,Markovaldas,10.59 €,12.39 €, Turime sandėlyje.
Rene Descartes,Metafiziniai apmąstymai kartu su...,21.79 €,27.25 €, Papildymas pakeliui.
Italo Calvino,Nematomi miestai,10.59 €,12.39 €, Turime sandėlyje.
Aldona Ruseckaitė,Per žarijas,9.99 €,11.69 €, Turime sandėlyje.
Catherine Cho,Pragaras: atsiminimai apie motin...,11.24 €,14.99 €, Turime sandėlyje.
No data,Princesių istorijos: 5 minučių p...,5.99 €,7.89 €, Turime sandėlyje.
Reinhold Braun,"Randai: sutriuškinimas, nelaisvė...",11.89 €,13.99 €, Turime sandėlyje.
Stephen King,Skirtingi metų laikai,13.79 €,22.99 €, Išsiųsime per 3–4 d.d.
Jane Elson,Šuo Mėnulis,11.78 €,13.09 €, Turime sandėlyje.
Vanda Juknaitė,Ta dūzgianti ir kvepianti liepa yra,No data,No data, Tik knygynuose.
Dovilė Raustytė,Tobulų žmonių istorijos,11.24 €,12.49 €, Turime sandėlyje.
Bo Svernström,VAIKŲ ŽAIDIMAI. Žiauraus nusikal...,14.95 €,18.69 €, Turime sandėlyje.
Viltė Migonytė-Pet...,Weekendų miestai ir priemiesčiai...,24.49 €,28.79 €, Papildymas pakeliui.
"Juozas Gaižauskas,...",Žaižaruojančios dangaus skeveldros,13.04 €,14.49 €, Turime sandėlyje.
Lafcadio Hearn,"Berniukas, kuris piešė kates",15.69 €,18.39 €, Turime sandėlyje.
Robert Iger,Didžiausias gyvenimo nuotykis,15.69 €,18.39 €, Turime sandėlyje.
Joy Adamson,Gimusi laisva (2021),14.36 €,19.15 €, Turime sandėlyje.
Tae Keller,Kaip sučiupti tigrą,11.47 €,15.29 €, Turime sandėlyje.
Stanislovas Žvirgždas,Šviesoraščiai: iš fotografo užrašų,11.24 €,14.99 €, Turime sandėlyje.
Evelina Daciūtė,Duobė,15.15 €,17.79 €, Turime sandėlyje.
John Steinbeck,Į Rytus nuo Edeno,25.94 €,34.59 €, Turime sandėlyje.
Radka Píro,Jausmai: patrauk kortelę ir susi...,13.22 €,14.69 €, Turime sandėlyje.
Laima Vincė,Karantino dienoraštis,10.04 €,13.39 €, Papildymas pakeliui.
Algirdas Morkūnas,"Kelionės ant sofos: šalys, į kur...",10.37 €,17.29 €, Išsiųsime per 3–4 d.d.
No data,Liturginis kalendorius 2021–2022/C,4.33 €,8.65 €, Turime sandėlyje.
Vladimir Nabokov,Lolita,15.11 €,20.15 €, Turime sandėlyje.
Jennifer Lynn Barnes,Paveldėtojų žaidimai,14.75 €,16.39 €, Turime sandėlyje.
Agnesa Kenešytė-Gricė,Sulaukti aušros,17.09 €,18.99 €, Išsiųsime per 3–4 d.d.
Jakob Wegelius,Žudiko beždžionė,19.09 €,22.49 €, Turime sandėlyje.
Rita Dzedulionienė...,Girdžiai. Istorijos atodangos,29.59 €,36.99 €, Turime sandėlyje.
Olga Tokarczuk,Jautrusis pasakotojas,13.49 €,15.89 €, Turime sandėlyje.
Neringa Dangvydė,Kiaukuto nešėja,10.69 €,12.59 €, Turime sandėlyje.
Rita Valantytė,Laužytojai: mūsų gyvenimų etiuda...,17.90 €,19.89 €, Turime sandėlyje.
Vytautas Kandrotas,Lietuvos dvarai ir pilys (2021),14.97 €,21.39 €, Turime sandėlyje.
Meik Wiking,Menas kurti prisiminimus: kaip s...,15.22 €,20.29 €, Turime sandėlyje.
Toni Morrison,Mylima (2021),15.29 €,20.39 €, Turime sandėlyje.
Merlin Sheldrake,Raizgus gyvenimas: kaip grybai k...,17.99 €,23.99 €, Turime sandėlyje.
Donaldas Duškinas,Retorika mokytojams,11.54 €,15.39 €, Turime sandėlyje.
Janet Geringer Woi...,Suaugę alkoholikų vaikai: kaip n...,10.05 €,13.19 €, Turime sandėlyje.
Danielius Mušinskas,Vainiko pynimas,9.19 €,10.79 €, Turime sandėlyje.
Marieke Lucas Rijn...,Vakaro nejauka,12.26 €,16.35 €, Turime sandėlyje.
Jūratė Norvaišienė,Vienos raidės istorijos,18.35 €,21.59 €, Turime sandėlyje.
No data,2-mečių užduotys: mąstymo lavini...,4.29 €,4.99 €, Turime sandėlyje.
Eva Tombak,Ar čia kas nors yra? Dokumentini...,18.31 €,22.89 €, Turime sandėlyje.
Giedrė Norkūnė,Dievas trupino debesis,12.23 €,15.29 €, Turime sandėlyje.
Vladas Drėma,Dingęs Vilnius,51.29 €,60.29 €, Turime sandėlyje.
Inga Gaile,Gražiosios,12.25 €,14.39 €, Turime sandėlyje.
No data,Įdomusis pasaulis: mano pirmoji...,13.49 €,17.99 €, Turime sandėlyje.
Philip Yancey,"Jėzus, kokio niekada nepažinojau",15.15 €,17.79 €, Turime sandėlyje.
No data,Kalėdos jau čia pat: 6 dėlionės,7.67 €,9.59 €, Turime sandėlyje.
No data,Linksmų KALĖDŲ! 6 dėlionės,7.67 €,9.59 €, Turime sandėlyje.
No data,Mano transporto knyga,15.29 €,17.99 €, Turime sandėlyje.
Raimondas Jurgaitis,Mašiniukas Karlas: čempiono pusr...,11.79 €,13.89 €, Turime sandėlyje.
No data,Miške ir pievoje: su 20 magnetuk...,15.27 €,19.09 €, Turime sandėlyje.
No data,Pasakos iš stebuklų miško,15.15 €,17.79 €, Turime sandėlyje.
Ieva Bukienė,Skaitiniai pradinukams,9.19 €,10.79 €, Turime sandėlyje.
No data,Ūkyje. Su 20 magnetukų  3–4 metų...,15.27 €,19.09 €, Turime sandėlyje.
John F. Demartini,Vertybių faktorius: įkvėpiančio...,19.94 €,26.59 €, Liko vos keli vienetai.
Romas Vainulevičius,Vilkas vienišius,14.59 €,17.09 €, Turime sandėlyje.
Irina Koscelkovski...,Virtuvės paslaptys,15.15 €,17.79 €, Turime sandėlyje.
Dovilė Zavedskaitė,Fidelis ir kiparisas,15.29 €,17.99 €, Turime sandėlyje.
No data,Kakė Makė. Gimtadienio dainos: d...,19.79 €,21.99 €, Išsiųsime per 3–4 d.d.
"Omid Scobie, Carol...",LAISVĖS PAIEŠKOS. Harry ir Megha...,14.95 €,18.69 €, Turime sandėlyje.
Sofija Tyzenhauzaitė,"Lenkas Santo Dominge, arba Jauno...",10.57 €,14.09 €, Turime sandėlyje.
"Sky Chasers LT, Ma...",Lietuvos dangus. 2022 metų kalen...,No data,No data, Turime sandėlyje.
Leib Kvitko,Miške,5.35 €,6.29 €, Turime sandėlyje.
No data,Protmūšis su Lietuvos valdovais,5.93 €,6.59 €, Turime sandėlyje.
Richard Dawkins,Savanaudis genas,18.89 €,22.19 €, Turime sandėlyje.
Dr. Jen Gunter,Vaginos biblija,19.94 €,26.59 €, Turime sandėlyje.
Bentsiyen Raskin,"Višta, kuri norėjo šukų",5.35 €,6.29 €, Turime sandėlyje.
Viktorija Daujotyt...,Žemaitīnā. Žemaitynai,15.14 €,20.19 €, Turime sandėlyje.
"Inesa Paliulytė, K...",Laukimo pieva: skaitiniai nėščio...,17.99 €,21.19 €, Papildymas pakeliui.
No data,5 minučių pasakos prieš miegą,16.15 €,18.99 €, Turime sandėlyje.
Viktorija Daujotytė,Arvydas Šliogeris: „Mano element...,11.75 €,14.69 €, Turime sandėlyje.
Lina Žutautė,Ferdinandas ir Pū,14.03 €,15.59 €, Turime sandėlyje.
No data,Gyvūnų namai ir slėptuvės,10.09 €,11.89 €, Turime sandėlyje.
Johanna Spyri,"Heida 2. Heidai praverčia, ko iš...",16.18 €,19.04 €, Turime sandėlyje.
Bill Gates,Kaip išvengti klimato krizės: ko...,21.95 €,24.39 €, Turime sandėlyje.
Philip Kerr,Kovo našlaitės,11.45 €,13.45 €, Turime sandėlyje.
Margarita Del Mazo,Mano meškiai ir aš. Skaitymas sk...,9.01 €,10.61 €, Turime sandėlyje.
Bella Swift,"Mopsas, svajojęs tapti žvaigžde",10.70 €,12.59 €, Turime sandėlyje.
Holly Webb,Pirmosios šuniuko Kalėdos,5.75 €,6.39 €, Turime sandėlyje.
Avni Doshi,Pridegęs cukrus,17.90 €,19.89 €, Turime sandėlyje.
Megan Shepherd,Slapti Erškėtrožių kalvos žirgai,14.62 €,17.21 €, Turime sandėlyje.
Anna Milbourne,Sniegynai,9.83 €,11.56 €, Turime sandėlyje.
Dawn Casey,Žiemos pasakos,14.97 €,17.61 €, Turime sandėlyje.
Christelle Dabos,Žiemos sužadėtiniai,17.75 €,20.89 €, Turime sandėlyje.
Vykintas Vaitkevič...,101 įdomiausia Lietuvos vieta,15.29 €,16.99 €, Turime sandėlyje.
Stefan Ahnhem,18 laipsnių šalčio,14.32 €,19.09 €, Turime sandėlyje.
Christopher Lloyd,Britannica. Vaikų enciklopedija:...,30.14 €,33.49 €, Turime sandėlyje.
No data,Kas čia toks? Be!,4.15 €,4.89 €, Turime sandėlyje.
Ruta Sepetys,Tarp pilkų debesų: grafinis romanas,12.74 €,14.15 €, Turime sandėlyje.
No data,Trys kačiukai,4.15 €,4.89 €, Turime sandėlyje.
No data,„Projektas – homo sovieticus“. „...,12.25 €,14.39 €, Turime sandėlyje.
Egidijus Aleksandr...,Adamkus,22.37 €,26.99 €, Turime sandėlyje.
Rocio Bonilla,Brolis. Sesė,11.19 €,13.19 €, Turime sandėlyje.
Hiro Kamigaki,Imperijos labirinto bokšto pasla...,14.99 €,17.69 €, Turime sandėlyje.
No data,Kas trobelėje gyvena? Tuk tuk,4.15 €,4.89 €, Liko vos keli vienetai.
Jurgis Gimbutas,Lietuvos kaimo trobesių puošmenys,10.69 €,12.59 €, Turime sandėlyje.
No data,Stebuklingas princesių pasaulis,6.09 €,7.19 €, Turime sandėlyje.
Aistis Žalnora,Stepono Batoro universiteto Medi...,7.69 €,8.99 €, Turime sandėlyje.
No data,Trys cypliai viščiukai: cyp cyp,4.15 €,4.89 €, Turime sandėlyje.
Jurgis Usinavičius,Vėjas,12.59 €,17.99 €, Turime sandėlyje.
Karsten Dusse,Dėmesingo įsisąmoninimo vadovas...,18.80 €,20.89 €, Turime sandėlyje.
Bertrun Jeitner-Ha...,DIDŽIOJI VAIKŲ ŽAIDIMŲ IR DARBEL...,29.75 €,34.99 €, Turime sandėlyje.
Sigutis Obelevičius,Imunitetą stiprinantys augalai:...,13.79 €,22.99 €, Turime sandėlyje.
Jurga Šeduikytė,IŠŠŪKIS. Poilsio nuo darbo knyga,15.29 €,16.99 €, Turime sandėlyje.
Bergsveinn Birgiss...,JUODASIS VIKINGAS: tikra istorij...,No data,No data, Tik knygynuose.
Rosalind Ormiston,Leonardas da Vinčis. Gyvenimas i...,31.84 €,42.45 €, Turime sandėlyje.
"Indrė Pavilonytė,...",Marmiai. Draugystės magija,7.91 €,13.19 €, Turime sandėlyje.
No data,Mažylių kūryba: tapyba pirštais,6.09 €,7.19 €, Turime sandėlyje.
Catherine Belton,Putino žmonės. Kaip KGB susigrąž...,23.24 €,30.99 €, Turime sandėlyje.
Knister,Ragana Lilė Ponių saloje,7.55 €,8.39 €, Turime sandėlyje.
John A. Baker,Sakalas keleivis,12.29 €,14.39 €, Turime sandėlyje.
No data,Smagios šėlionės žiemos miške. I...,3.03 €,3.79 €, Turime sandėlyje.
Romain Gary,Toliau jūsų bilietas nebegalioja,11.24 €,14.99 €, Turime sandėlyje.
Quarto Kids,Vakaro istorijos mažiesiems,11.47 €,15.29 €, Turime sandėlyje.
No data,"Biblija, arba Šventasis Raštas (...",No data,No data, Išparduota.
No data,Jūros gelmėse: blizgūs piešiniai,5.99 €,6.99 €, Turime sandėlyje.
No data,Kakė Makė. Žiemos šėlionės. Didy...,6.29 €,6.99 €, Turime sandėlyje.
J.K. Rowling,Kalėdų paršelis,No data,No data, Išparduota.
Ramutė Skučaitė,Liepos mėnesį po liepa,9.99 €,11.69 €, Turime sandėlyje.
Emily Gravett,Lukas ir Tukas,11.47 €,13.49 €, Turime sandėlyje.
Undinė Radzevičiūtė,Minaretas ir 7,12.99 €,15.29 €, Turime sandėlyje.
Kamini ir Kirk Thomas,Modernioji Kama Sutra. Erotinio...,14.92 €,19.89 €, Turime sandėlyje.
No data,Stebuklų pasaulis: blizgūs pieši...,5.99 €,6.99 €, Turime sandėlyje.
Jean-François Kieffer,Vilkiaus nuotykiai. Dvi salos ir...,7.09 €,8.29 €, Liko vos keli vienetai.
Albina Blažytė-Bar...,Praeities dulkes nubraukus,No data,No data, Išparduota.
Kristin Harmel,Dingusių vardų knyga,11.99 €,19.99 €, Turime sandėlyje.
Anna Lembke,Dopamino tauta: pusiausvyros pai...,10.69 €,12.59 €, Turime sandėlyje.
Lina Žutautė,Du paršeliai,12.38 €,13.75 €, Turime sandėlyje.
Joanne Harris,Gervuogių vynas,9.25 €,15.59 €, Turime sandėlyje.
Chloé Esposito,Grėsmė Venecijoj,13.09 €,17.45 €, Turime sandėlyje.
Alex Schulman,Išlikusieji,14.39 €,15.99 €, Turime sandėlyje.
Frances Cha,Jei turėčiau tavo veidą,9.25 €,15.59 €, Turime sandėlyje.
Gina Wilkinson,Kai pražysta abrikosai,9.25 €,15.59 €, Turime sandėlyje.
Caitlin Doughty,Kai tavo veidas išnyksta dūmuose...,7.65 €,14.39 €, Turime sandėlyje.
Andrij Liubka,Karbidas,8.65 €,14.59 €, Turime sandėlyje.
David Park,Kelionė svetimame pasaulyje,11.33 €,12.59 €, Turime sandėlyje.
Kazuo Ishiguro,Klara ir Saulė,13.12 €,17.49 €, Turime sandėlyje.
Alka Joshi,Likimų tapytoja iš Džaipuro,13.87 €,18.49 €, Turime sandėlyje.
Tahir Shah,Mago mokinys,8.99 €,17.99 €, Liko vos keli vienetai.
Bethan Roberts,Mano policininkas,13.85 €,16.29 €, Turime sandėlyje.
Gabrielle Zevin,Nepakartojamas A. J. Fikrio gyve...,14.21 €,15.79 €, Turime sandėlyje.
Glennon Doyle,Nesutramdyta,13.49 €,17.99 €, Turime sandėlyje.
Natasha Lester,Paryžietiška apgaulė,17.99 €,19.99 €, Turime sandėlyje.
William Wharton,Paukštukas,9.25 €,15.59 €, Turime sandėlyje.
Jeannette Fischer,Psichoanalitikė kalbasi su Marin...,16.67 €,23.99 €, Turime sandėlyje.
Leila Meacham,Somersetas,19.69 €,23.19 €, Turime sandėlyje.
Joanne Harris,Šokoladas,9.25 €,15.59 €, Turime sandėlyje.
Claire Keegan,TOKIE SMULKŪS DALYKAI: skaidrus...,9.52 €,12.69 €, Turime sandėlyje.
Sandro Veronesi,Tu ir esi kolibris,13.12 €,17.49 €, Turime sandėlyje.
Renee Rosen,Vasara Parko aveniu,12.99 €,15.29 €, Turime sandėlyje.
Matt Haig,Vidurnakčio biblioteka,9.25 €,15.59 €, Turime sandėlyje.
Katherine May,Žiemojimas. Kaip priimti natūral...,17.54 €,19.49 €, Turime sandėlyje.
Daniel Mason,Žiemos kareivis,9.25 €,18.49 €, Turime sandėlyje.
Algimantas Katilius,Aš prašau duonos: paauglio dieno...,12.25 €,14.39 €, Turime sandėlyje.
Cristina Alger,BANKININKO ŽMONA. Tamsūs bankini...,13.99 €,17.49 €, Turime sandėlyje.
Erich Maria Remarque,JUODASIS OBELISKAS: bene stipria...,15.11 €,20.15 €, Turime sandėlyje.
Vladimir Nabokov,"Kalbėk, atmintie",15.11 €,20.15 €, Turime sandėlyje.
John Steinbeck,Kelionės su Čarliu ieškant Amerikos,15.11 €,20.15 €, Turime sandėlyje.
Vladas Korsakovas,Mano anūko istorijos,15.69 €,18.49 €, Turime sandėlyje.
Gediminas Navaitis,Meilės ir šeimos psichologija: v...,10.21 €,14.59 €, Turime sandėlyje.
No data,"Metų laikai: žaisk, spręsk, pram...",15.15 €,17.79 €, Turime sandėlyje.
Jonathan Fisk,"7 „krikščioniškos“ taisyklės, ku...",9.19 €,10.79 €, Turime sandėlyje.
Vylius Blauzdavičius,ANT UGNIES. Žinomas mėsos eksper...,26.99 €,33.69 €, Turime sandėlyje.
"Mandy Archer, Gabi...",Istorijos 1 metų vaikams,7.82 €,8.69 €, Turime sandėlyje.
Pranė Dundulienė,Pagonybė Lietuvoje. Moteriškosio...,6.09 €,7.19 €, Turime sandėlyje.
"Lee Cohen, Mona Go...",Pianistė iš Vienos,11.33 €,12.59 €, Turime sandėlyje.
Anne Glenconner,RŪMŲ DAMA: NEPAPRASTAS MANO GYVE...,15.99 €,19.99 €, Turime sandėlyje.
Pranė Dundulienė,Senovės lietuvių mitologija ir r...,7.65 €,8.99 €, Turime sandėlyje.
Romualdas Vilimas,Automobilio oro kondicionierius,9.75 €,12.19 €, Turime sandėlyje.
Inga Narijauskienė,"Diena, kai pelėdai Drūlijai buvo...",24.49 €,28.79 €, Turime sandėlyje.
Louise L. Hay,Moters galia tapti laiminga,7.65 €,8.99 €, Turime sandėlyje.
Philippe J. Dubois...,Nepaprastas paukščių gyvenimas,17.99 €,21.09 €, Turime sandėlyje.
"Ed Tronick, Claudi...",Nesutarimų galia. Raktas į artum...,12.49 €,14.69 €, Turime sandėlyje.
Elisabeth Noreback,"PASAKYK, KAD ESI MANO",17.99 €,21.09 €, Turime sandėlyje.
No data,Plaštakių sodas: grandymo menas,12.99 €,15.29 €, Turime sandėlyje.
Salomėja Nėris,Senelės pasaka: įgarsinta vakaro...,17.09 €,18.99 €, Išsiųsime per 3–4 d.d.
No data,Sodo dienoraštis: darbai pagal M...,5.69 €,6.69 €, Liko vos keli vienetai.
No data,Stebuklingos būtybės: grandymo m...,12.99 €,15.29 €, Turime sandėlyje.
Henrik Meinander,Suomijos istorija (2021),14.49 €,17.09 €, Turime sandėlyje.
Rolandas Rastauskas,Venecija tiesiogiai,15.29 €,17.99 €, Turime sandėlyje.
Trent Dalton,Visi mūsų tviskantys dangūs,16.27 €,21.69 €, Turime sandėlyje.
B.A. Paris,Anapus uždarų durų,13.84 €,18.49 €, Turime sandėlyje.
Jolanta Valikonė,Auksinės mintys,15.19 €,17.79 €, Turime sandėlyje.
Paulina Kuodytė,Kietos mintys,15.19 €,17.79 €, Turime sandėlyje.
No data,Pažaiskime. 111 žaidimų idėjų,14.69 €,17.29 €, Turime sandėlyje.
Matt Haig,"Peliukas, vardu Mika",12.23 €,14.39 €, Turime sandėlyje.
Lorraine Murray,Ramūs vaikai,14.35 €,16.85 €, Turime sandėlyje.
Tilė Vakarė,Susikurk spektaklį: 8 pjesės,10.19 €,11.99 €, Turime sandėlyje.
Natalija Krasnova,1000 ir viena naktis be sekso. J...,7.55 €,12.59 €, Turime sandėlyje.
Ingrid Carlberg,Alfredas Nobelis: jo pasaulis ir...,30.77 €,34.19 €, Turime sandėlyje.
No data,Ieškok ir tyrinėk. Metų laikai,14.39 €,15.99 €, Turime sandėlyje.
Andrei Makine,Mano draugas armėnas,9.17 €,10.79 €, Turime sandėlyje.
Natalija Krasnova,N. Krasnovos 2 knygų rinkinys: 1...,16.79 €,25.18 €, Turime sandėlyje.
No data,Po žeme: ieškok ir tyrinėk,14.39 €,15.99 €, Turime sandėlyje.
Benas Lyris,Ramybės teologija,12.14 €,13.49 €, Turime sandėlyje.
Renata Ničajienė,Sezoninė knyga 2022: planuotė,18.29 €,22.89 €, Turime sandėlyje.
Gintarė Davainienė,Svajonę paversk tikrove: kaip ga...,11.60 €,12.89 €, Liko vos keli vienetai.
No data,Žiemos naktis,7.73 €,8.59 €, Turime sandėlyje.
Patrycja Wojłkowia...,Gražaus elgesio elementorius: 4–...,10.69 €,12.59 €, Turime sandėlyje.
Simona Laiconaitė,"Keto kodas: be cukraus, be miltų...",30.59 €,35.99 €, Turime sandėlyje.
Anna Lang,Kaip išmokyti savo drakoną sakyt...,5.39 €,7.19 €, Turime sandėlyje.
Anna Lang,Kaip išmokyti savo drakoną sakyt...,5.39 €,7.19 €, Turime sandėlyje.
Anna Lang,Kaip išmokyti savo drakoną sakyt...,5.39 €,7.19 €, Turime sandėlyje.
Anna Lang,Kaip išmokyti savo drakoną sakyt...,5.39 €,7.19 €, Turime sandėlyje.
Carla Naumburg,Kaip nepratrūkti bendraujant su...,10.45 €,12.29 €, Turime sandėlyje.
No data,Treniruočių žurnalas Only get be...,No data,No data, Išparduota.
Ciceronas,Apie pranašavimą,18.35 €,21.59 €, Turime sandėlyje.
C. S. Lewis,Aušros užkariautojo kelionė. Nar...,10.70 €,11.89 €, Turime sandėlyje.
Donato Carrisi,Blogio labirintas,10.55 €,18.49 €, Turime sandėlyje.
C. S. Lewis,Burtininko sūnėnas. Narnijos kro...,10.70 €,11.89 €, Turime sandėlyje.
Peter Sloterdijk,Burtų medis,9.25 €,18.49 €, Turime sandėlyje.
Taffy Brodesser-Akner,"FLEIŠMANUI NESISEKA. Įžvalgi, ka...",13.99 €,17.49 €, Turime sandėlyje.
Kristina Savickytė...,Kaip Tilis džiaugsmo ieškojo. Pa...,11.60 €,12.89 €, Turime sandėlyje.
Rita Šilenskienė,Keto meniu,22.49 €,24.99 €, Turime sandėlyje.
Irene Vallejo,Knygos gimimas. Kaip užrašytas ž...,32.21 €,35.79 €, Turime sandėlyje.
Sam Taplin,"Laikas miegoti, lokiuk",14.02 €,18.69 €, Turime sandėlyje.
C. S. Lewis,"Liūtas, ragana ir drabužių spint...",10.70 €,11.89 €, Turime sandėlyje.
Jason Fung,Nutukimo kodas: atskleidžiame sv...,9.99 €,17.99 €, Turime sandėlyje.
C. S. Lewis,Paskutinis mūšis. Narnijos kroni...,10.70 €,11.89 €, Turime sandėlyje.
Joanne Harris,Penki ketvirčiai apelsino (2021),9.25 €,18.49 €, Turime sandėlyje.
C. S. Lewis,Princas Kaspianas. Narnijos kron...,10.70 €,11.89 €, Turime sandėlyje.
C. S. Lewis,Sidabrinis krėslas. Narnijos kro...,10.70 €,11.89 €, Turime sandėlyje.
Vaclav Smil,"Skaičiai nemeluoja: 71 dalykas,...",7.35 €,12.59 €, Turime sandėlyje.
Katherine Paterson,Smarkuolė Gilė Hopkins (2021),8.36 €,9.29 €, Turime sandėlyje.
David Epstein,Sporto genas: įspūdingų pasiekim...,9.99 €,17.99 €, Turime sandėlyje.
No data,Vakaro istorijos apie gyvūnus,14.55 €,17.09 €, Turime sandėlyje.
Vigintas Šakys,Veiklos analitikos praktikumas s...,30.59 €,35.99 €, Turime sandėlyje.
C. S. Lewis,Žirgas ir jo berniukas. Narnijos...,10.70 €,11.89 €, Turime sandėlyje.
Serhij Žadan,Internatas,11.89 €,17.59 €, Turime sandėlyje.
P.L. Travers,Merė Popins. Merė Popins grįžta...,15.69 €,18.45 €, Turime sandėlyje.
Jevgenij Zamiatin,Mes (2021),10.99 €,16.29 €, Turime sandėlyje.
Edward Bernays,Propaganda,10.99 €,16.29 €, Turime sandėlyje.
Kim Leine,Raudonas žmogus. Juodas žmogus,13.71 €,19.59 €, Turime sandėlyje.
Tove Jansson,Troliai Mumiai. Burtininko skryb...,11.79 €,13.79 €, Turime sandėlyje.
Ragnar Jónasson,Akinantis sniegas,12.74 €,16.99 €, Turime sandėlyje.
Sebastian Fitzek,Dovana,12.79 €,15.99 €, Turime sandėlyje.
Valentina Zeitler,Jonušas Radvila. Likimo spąstai,12.29 €,14.39 €, Išsiųsime per 3–7 d.d.
Chris Carter,Juk esu Mirtis,12.79 €,16.59 €, Turime sandėlyje.
Julian Baggini,Kaip mąsto pasaulis,17.83 €,23.79 €, Turime sandėlyje.
Sven Nordqvist,Kalėdų Senelio staigmena,14.15 €,16.65 €, Turime sandėlyje.
Kimberley Chambers,Kvinė (2021),14.39 €,17.99 €, Turime sandėlyje.
Tamara Bairašauskaitė,Lietuvos totorių istorija,19.89 €,23.39 €, Turime sandėlyje.
Lesley Pearse,Melagė,12.15 €,15.19 €, Turime sandėlyje.
Ann Patchett,Olandų namas,13.12 €,17.49 €, Turime sandėlyje.
Sven Nordqvist,Petsono ir Finduso Kalėdos,11.25 €,13.25 €, Turime sandėlyje.
Leonard Mlodinow,Stephen Hawking: atsiminimai api...,14.39 €,17.99 €, Turime sandėlyje.
Tove Jansson,Troliai Mumiai. Mažieji troliai...,9.59 €,11.29 €, Turime sandėlyje.
Hans Rosenfeldt,Vilkų vasara,14.39 €,19.19 €, Turime sandėlyje.
Jūratė Micevičiūtė,4 keliai prie gyvybės medžio: li...,12.99 €,15.29 €, Turime sandėlyje.
"Albertas Milinis,...",Lietuvos baudžiamoji teisė. Spec...,No data,No data, Išparduota.
